제조업체명,사료종류,성분등록번호,사료명,사료성분명,사료성분량,데이터기준일자
주식회사 글리칸코드(제2공장),단미사료 (동물성-단백질류),PP6EP0002,육포1,조지방,30% 이하,2019-11-25
주식회사 글리칸코드(제2공장),단미사료 (동물성-단백질류),PP6EP0002,육포1,조단백질,50% 이상,2019-11-25
주식회사 글리칸코드(제2공장),단미사료 (동물성-단백질류),PP6EP0002,육포1,수분,20% 이하,2019-11-25
주식회사 글리칸코드(제2공장),단미사료 (동물성-단백질류),PP6EP0002,육포1,조회분,2% 이하,2019-11-25
도기키친 프롬제주,단미사료 (동물성-단백질류),PP6F40003,육골포1,조지방,37.5% 이하,2019-11-25
도기키친 프롬제주,단미사료 (동물성-단백질류),PP6F40003,육골포1,조단백질,32.9% 이상,2019-11-25
도기키친 프롬제주,단미사료 (동물성-단백질류),PP6F40003,육골포1,수분,34.3% 이하,2019-11-25
도기키친 프롬제주,단미사료 (동물성-단백질류),PP6F40003,육골포1,조회분,22.1% 이하,2019-11-25
도기키친 프롬제주,단미사료 (동물성-단백질류),PP6F40008,건어포1,조지방,16.3% 이하,2019-11-25
도기키친 프롬제주,단미사료 (동물성-단백질류),PP6F40008,건어포1,조단백질,40.1% 이상,2019-11-25
도기키친 프롬제주,단미사료 (동물성-단백질류),PP6F40008,건어포1,수분,42.1% 이하,2019-11-25
도기키친 프롬제주,단미사료 (동물성-단백질류),PP6F40008,건어포1,조회분,3.5% 이하,2019-11-25
도기키친 프롬제주,단미사료 (동물성-단백질류),PP6F40009,육포1,조지방,3.5% 이하,2019-11-25
도기키친 프롬제주,단미사료 (동물성-단백질류),PP6F40009,육포1,조단백질,51.9% 이상,2019-11-25
도기키친 프롬제주,단미사료 (동물성-단백질류),PP6F40009,육포1,수분,39.6% 이하,2019-11-25
도기키친 프롬제주,단미사료 (동물성-단백질류),PP6F40009,육포1,조회분,4.5% 이하,2019-11-25
도기키친 프롬제주,단미사료 (혼합성-혼합제),PP6F50001,혼합성단미사료1,조지방,7.2% 이하,2019-11-25
도기키친 프롬제주,단미사료 (혼합성-혼합제),PP6F50001,혼합성단미사료1,조단백질,9.5% 이상,2019-11-25
도기키친 프롬제주,단미사료 (혼합성-혼합제),PP6F50001,혼합성단미사료1,수분,68.5% 이하,2019-11-25
도기키친 프롬제주,단미사료 (혼합성-혼합제),PP6F50001,혼합성단미사료1,조섬유,0.2% 이하,2019-11-25
도기키친 프롬제주,단미사료 (혼합성-혼합제),PP6F50001,혼합성단미사료1,조회분,3.8% 이하,2019-11-25
로빈,단미사료 (동물성-단백질류),PP6F70001,육포1,조지방,1.5% 이하,2019-11-25
로빈,단미사료 (동물성-단백질류),PP6F70001,육포1,조단백질,55% 이상,2019-11-25
로빈,단미사료 (동물성-단백질류),PP6F70001,육포1,수분,30% 이하,2019-11-25
로빈,단미사료 (동물성-단백질류),PP6F70001,육포1,조회분,5% 이하,2019-11-25
제주개과점,단미사료 (동물성-단백질류),PP6FF0001,육포1,조지방,3.1% 이하,2019-11-25
제주개과점,단미사료 (동물성-단백질류),PP6FF0001,육포1,조단백질,56.8% 이상,2019-11-25
제주개과점,단미사료 (동물성-단백질류),PP6FF0001,육포1,수분,26.0% 이하,2019-11-25
제주개과점,단미사료 (동물성-단백질류),PP6FF0001,육포1,조회분,5.4% 이하,2019-11-25
제주개과점,단미사료 (동물성-단백질류),PP6FF0006,육골포1,조지방,30.3% 이하,2019-11-25
제주개과점,단미사료 (동물성-단백질류),PP6FF0006,육골포1,조단백질,31.9% 이상,2019-11-25
제주개과점,단미사료 (동물성-단백질류),PP6FF0006,육골포1,수분,24.7% 이하,2019-11-25
제주개과점,단미사료 (동물성-단백질류),PP6FF0006,육골포1,조회분,19.0% 이하,2019-11-25
제주개과점,단미사료 (동물성-단백질류),PP6FF0013,건어포1,조지방,14.8% 이하,2019-11-25
제주개과점,단미사료 (동물성-단백질류),PP6FF0013,건어포1,조단백질,32.5% 이상,2019-11-25
제주개과점,단미사료 (동물성-단백질류),PP6FF0013,건어포1,수분,49.8% 이하,2019-11-25
제주개과점,단미사료 (동물성-단백질류),PP6FF0013,건어포1,조회분,4.5% 이하,2019-11-25
도기키친 프롬제주,단미사료 (혼합성-혼합제),PP6F50010,혼합성단미사료10,조지방,8.5% 이하,2019-11-25
도기키친 프롬제주,단미사료 (혼합성-혼합제),PP6F50010,혼합성단미사료10,조단백질,17.0% 이상,2019-11-25
도기키친 프롬제주,단미사료 (혼합성-혼합제),PP6F50010,혼합성단미사료10,수분,57.7% 이하,2019-11-25
도기키친 프롬제주,단미사료 (혼합성-혼합제),PP6F50010,혼합성단미사료10,조섬유,1.9% 이하,2019-11-25
도기키친 프롬제주,단미사료 (혼합성-혼합제),PP6F50010,혼합성단미사료10,조회분,1.8% 이하,2019-11-25
도기키친 프롬제주,단미사료 (혼합성-혼합제),PP6F50011,혼합성단미사료11,조지방,2.0% 이하,2019-11-25
도기키친 프롬제주,단미사료 (혼합성-혼합제),PP6F50011,혼합성단미사료11,조단백질,14.0% 이상,2019-11-25
도기키친 프롬제주,단미사료 (혼합성-혼합제),PP6F50011,혼합성단미사료11,수분,59.1% 이하,2019-11-25
도기키친 프롬제주,단미사료 (혼합성-혼합제),PP6F50011,혼합성단미사료11,조섬유,2.4% 이하,2019-11-25
도기키친 프롬제주,단미사료 (혼합성-혼합제),PP6F50011,혼합성단미사료11,조회분,1.6% 이하,2019-11-25
도기키친 프롬제주,단미사료 (혼합성-혼합제),PP6F50012,혼합성단미사료12,조지방,11.9% 이하,2019-11-25
도기키친 프롬제주,단미사료 (혼합성-혼합제),PP6F50012,혼합성단미사료12,조단백질,45.1% 이상,2019-11-25
도기키친 프롬제주,단미사료 (혼합성-혼합제),PP6F50012,혼합성단미사료12,수분,43.3% 이하,2019-11-25
도기키친 프롬제주,단미사료 (혼합성-혼합제),PP6F50012,혼합성단미사료12,조회분,2.5% 이하,2019-11-25
도기키친 프롬제주,단미사료 (혼합성-혼합제),PP6F50013,혼합성단미사료13,조지방,7.4% 이하,2019-11-25
도기키친 프롬제주,단미사료 (혼합성-혼합제),PP6F50013,혼합성단미사료13,조단백질,32.5% 이상,2019-11-25
도기키친 프롬제주,단미사료 (혼합성-혼합제),PP6F50013,혼합성단미사료13,수분,53.1% 이하,2019-11-25
도기키친 프롬제주,단미사료 (혼합성-혼합제),PP6F50013,혼합성단미사료13,조회분,12.0% 이하,2019-11-25
도기키친 프롬제주,단미사료 (혼합성-혼합제),PP6F50014,혼합성단미사료14,조지방,4.1% 이하,2019-11-25
도기키친 프롬제주,단미사료 (혼합성-혼합제),PP6F50014,혼합성단미사료14,조단백질,46.9% 이상,2019-11-25
도기키친 프롬제주,단미사료 (혼합성-혼합제),PP6F50014,혼합성단미사료14,수분,42.4% 이하,2019-11-25
도기키친 프롬제주,단미사료 (혼합성-혼합제),PP6F50014,혼합성단미사료14,조회분,9.5% 이하,2019-11-25
강아지와 고양이의 구멍가게,단미사료 (혼합성-혼합제),PP6DD0002,혼합성단미사료2,조지방,15%이하,2019-11-25
강아지와 고양이의 구멍가게,단미사료 (혼합성-혼합제),PP6DD0002,혼합성단미사료2,조단백질,25%이상,2019-11-25
강아지와 고양이의 구멍가게,단미사료 (혼합성-혼합제),PP6DD0002,혼합성단미사료2,수분,8%이하,2019-11-25
강아지와 고양이의 구멍가게,단미사료 (혼합성-혼합제),PP6DD0002,혼합성단미사료2,조섬유,5%이하,2019-11-25
강아지와 고양이의 구멍가게,단미사료 (혼합성-혼합제),PP6DD0002,혼합성단미사료2,조회분,3.6%이하,2019-11-25
강아지와 고양이의 구멍가게,단미사료 (혼합성-혼합제),PP6DD0002,혼합성단미사료2,펩신소화율,72%이상,2019-11-25
도기키친 프롬제주,단미사료 (동물성-단백질류),PP6F40001,육포2,조지방,5.6% 이하,2019-11-25
도기키친 프롬제주,단미사료 (동물성-단백질류),PP6F40001,육포2,조단백질,57.6% 이상,2019-11-25
도기키친 프롬제주,단미사료 (동물성-단백질류),PP6F40001,육포2,수분,32.9% 이하,2019-11-25
도기키친 프롬제주,단미사료 (동물성-단백질류),PP6F40001,육포2,조회분,5.6% 이하,2019-11-25
도기키친 프롬제주,단미사료 (동물성-단백질류),PP6F40004,육골포2,조지방,4.5% 이하,2019-11-25
도기키친 프롬제주,단미사료 (동물성-단백질류),PP6F40004,육골포2,조단백질,54.8% 이상,2019-11-25
도기키친 프롬제주,단미사료 (동물성-단백질류),PP6F40004,육골포2,수분,30.3% 이하,2019-11-25
도기키친 프롬제주,단미사료 (동물성-단백질류),PP6F40004,육골포2,조회분,6.4% 이하,2019-11-25
도기키친 프롬제주,단미사료 (혼합성-혼합제),PP6F50002,혼합성단미사료2,조지방,8.7% 이하,2019-11-25
도기키친 프롬제주,단미사료 (혼합성-혼합제),PP6F50002,혼합성단미사료2,조단백질,9.2% 이상,2019-11-25
도기키친 프롬제주,단미사료 (혼합성-혼합제),PP6F50002,혼합성단미사료2,수분,68.6% 이하,2019-11-25
도기키친 프롬제주,단미사료 (혼합성-혼합제),PP6F50002,혼합성단미사료2,조섬유,0.4% 이하,2019-11-25
도기키친 프롬제주,단미사료 (혼합성-혼합제),PP6F50002,혼합성단미사료2,조회분,4.0% 이하,2019-11-25
로빈,단미사료 (동물성-단백질류),PP6F70002,육포2,조지방,3.7% 이하,2019-11-25
로빈,단미사료 (동물성-단백질류),PP6F70002,육포2,조단백질,45.0% 이상,2019-11-25
로빈,단미사료 (동물성-단백질류),PP6F70002,육포2,수분,36.0% 이하,2019-11-25
로빈,단미사료 (동물성-단백질류),PP6F70002,육포2,조회분,3.4% 이하,2019-11-25
제주개과점,단미사료 (동물성-단백질류),PP6FF0002,육포2,조지방,3.8% 이하,2019-11-25
제주개과점,단미사료 (동물성-단백질류),PP6FF0002,육포2,조단백질,56.9% 이상,2019-11-25
제주개과점,단미사료 (동물성-단백질류),PP6FF0002,육포2,수분,24.9% 이하,2019-11-25
제주개과점,단미사료 (동물성-단백질류),PP6FF0002,육포2,조회분,3.6% 이하,2019-11-25
제주개과점,단미사료 (동물성-단백질류),PP6FF0007,육골포2,조지방,5.0% 이하,2019-11-25
제주개과점,단미사료 (동물성-단백질류),PP6FF0007,육골포2,조단백질,45.8% 이상,2019-11-25
제주개과점,단미사료 (동물성-단백질류),PP6FF0007,육골포2,수분,17.2% 이하,2019-11-25
제주개과점,단미사료 (동물성-단백질류),PP6FF0007,육골포2,조회분,25.5% 이하,2019-11-25
제주개과점,단미사료 (동물성-단백질류),PP6FF0014,건어포2,조지방,3.0%이하,2019-11-25
제주개과점,단미사료 (동물성-단백질류),PP6FF0014,건어포2,조단백질,41.0% 이상,2019-11-25
제주개과점,단미사료 (동물성-단백질류),PP6FF0014,건어포2,수분,47.5% 이하,2019-11-25
제주개과점,단미사료 (동물성-단백질류),PP6FF0014,건어포2,조회분,2.0% 이하,2019-11-25
도기키친 프롬제주,단미사료 (동물성-단백질류),PP6F40002,육포3,조지방,7.8% 이하,2019-11-25
도기키친 프롬제주,단미사료 (동물성-단백질류),PP6F40002,육포3,조단백질,38.1% 이상,2019-11-25
도기키친 프롬제주,단미사료 (동물성-단백질류),PP6F40002,육포3,수분,39.1% 이하,2019-11-25
도기키친 프롬제주,단미사료 (동물성-단백질류),PP6F40002,육포3,조회분,9.0% 이하,2019-11-25
도기키친 프롬제주,단미사료 (동물성-단백질류),PP6F40005,육골포3,조지방,6.7% 이하,2019-11-25
도기키친 프롬제주,단미사료 (동물성-단백질류),PP6F40005,육골포3,조단백질,34.9% 이상,2019-11-25
도기키친 프롬제주,단미사료 (동물성-단백질류),PP6F40005,육골포3,수분,57.4% 이하,2019-11-25
도기키친 프롬제주,단미사료 (동물성-단백질류),PP6F40005,육골포3,조회분,14.1% 이하,2019-11-25
도기키친 프롬제주,단미사료 (혼합성-혼합제),PP6F50003,혼합성단미사료3,조지방,10.0% 이하,2019-11-25
도기키친 프롬제주,단미사료 (혼합성-혼합제),PP6F50003,혼합성단미사료3,조단백질,9.2% 이상,2019-11-25
도기키친 프롬제주,단미사료 (혼합성-혼합제),PP6F50003,혼합성단미사료3,수분,70.8% 이하,2019-11-25
도기키친 프롬제주,단미사료 (혼합성-혼합제),PP6F50003,혼합성단미사료3,조섬유,0.1% 이하,2019-11-25
도기키친 프롬제주,단미사료 (혼합성-혼합제),PP6F50003,혼합성단미사료3,조회분,3.8% 이하,2019-11-25
제주개과점,단미사료 (동물성-단백질류),PP6FF0003,육포3,조지방,2.2% 이하,2019-11-25
제주개과점,단미사료 (동물성-단백질류),PP6FF0003,육포3,조단백질,57.1% 이상,2019-11-25
제주개과점,단미사료 (동물성-단백질류),PP6FF0003,육포3,수분,26.2% 이하,2019-11-25
제주개과점,단미사료 (동물성-단백질류),PP6FF0003,육포3,조회분,3.2% 이하,2019-11-25
제주개과점,단미사료 (동물성-단백질류),PP6FF0008,육골포3,조지방,19.6% 이하,2019-11-25
제주개과점,단미사료 (동물성-단백질류),PP6FF0008,육골포3,조단백질,32.5% 이상,2019-11-25
제주개과점,단미사료 (동물성-단백질류),PP6FF0008,육골포3,수분,21.0% 이하,2019-11-25
제주개과점,단미사료 (동물성-단백질류),PP6FF0008,육골포3,조회분,21.8% 이하,2019-11-25
도기키친 프롬제주,단미사료 (동물성-단백질류),PP6F40006,육골포4,조지방,35.1% 이하,2019-11-25
도기키친 프롬제주,단미사료 (동물성-단백질류),PP6F40006,육골포4,조단백질,25.4% 이상,2019-11-25
도기키친 프롬제주,단미사료 (동물성-단백질류),PP6F40006,육골포4,수분,25.8% 이하,2019-11-25
도기키친 프롬제주,단미사료 (동물성-단백질류),PP6F40006,육골포4,조회분,26.8% 이하,2019-11-25
도기키친 프롬제주,단미사료 (동물성-단백질류),PP6F40010,육포4,조지방,8.9% 이하,2019-11-25
도기키친 프롬제주,단미사료 (동물성-단백질류),PP6F40010,육포4,조단백질,49.5% 이상,2019-11-25
도기키친 프롬제주,단미사료 (동물성-단백질류),PP6F40010,육포4,수분,38.3% 이하,2019-11-25
도기키친 프롬제주,단미사료 (동물성-단백질류),PP6F40010,육포4,조회분,4.0% 이하,2019-11-25
도기키친 프롬제주,단미사료 (혼합성-혼합제),PP6F50004,혼합성단미사료4,조지방,8.6% 이하,2019-11-25
도기키친 프롬제주,단미사료 (혼합성-혼합제),PP6F50004,혼합성단미사료4,조단백질,13.1% 이상,2019-11-25
도기키친 프롬제주,단미사료 (혼합성-혼합제),PP6F50004,혼합성단미사료4,수분,47.2% 이하,2019-11-25
도기키친 프롬제주,단미사료 (혼합성-혼합제),PP6F50004,혼합성단미사료4,조섬유,0.6% 이하,2019-11-25
도기키친 프롬제주,단미사료 (혼합성-혼합제),PP6F50004,혼합성단미사료4,조회분,5.2% 이하,2019-11-25
제주개과점,단미사료 (동물성-단백질류),PP6FF0004,육포4,조지방,6.3% 이하,2019-11-25
제주개과점,단미사료 (동물성-단백질류),PP6FF0004,육포4,조단백질,38.6% 이상,2019-11-25
제주개과점,단미사료 (동물성-단백질류),PP6FF0004,육포4,수분,30.6% 이하,2019-11-25
제주개과점,단미사료 (동물성-단백질류),PP6FF0004,육포4,조회분,4.3% 이하,2019-11-25
제주개과점,단미사료 (동물성-단백질류),PP6FF0009,육골포4,조지방,5.0% 이하,2019-11-25
제주개과점,단미사료 (동물성-단백질류),PP6FF0009,육골포4,조단백질,41.0% 이상,2019-11-25
제주개과점,단미사료 (동물성-단백질류),PP6FF0009,육골포4,수분,23.2% 이하,2019-11-25
제주개과점,단미사료 (동물성-단백질류),PP6FF0009,육골포4,조회분,27.5% 이하,2019-11-25
도기키친 프롬제주,단미사료 (동물성-단백질류),PP6F40007,육골포5,조지방,7.2% 이하,2019-11-25
도기키친 프롬제주,단미사료 (동물성-단백질류),PP6F40007,육골포5,조단백질,35.2% 이상,2019-11-25
도기키친 프롬제주,단미사료 (동물성-단백질류),PP6F40007,육골포5,수분,41.8% 이하,2019-11-25
도기키친 프롬제주,단미사료 (동물성-단백질류),PP6F40007,육골포5,조회분,16.5% 이하,2019-11-25
도기키친 프롬제주,단미사료 (혼합성-혼합제),PP6F50005,혼합성단미사료5,조지방,5.7% 이하,2019-11-25
도기키친 프롬제주,단미사료 (혼합성-혼합제),PP6F50005,혼합성단미사료5,조단백질,17.4% 이상,2019-11-25
도기키친 프롬제주,단미사료 (혼합성-혼합제),PP6F50005,혼합성단미사료5,수분,86.7% 이하,2019-11-25
도기키친 프롬제주,단미사료 (혼합성-혼합제),PP6F50005,혼합성단미사료5,조섬유,0.6% 이하,2019-11-25
도기키친 프롬제주,단미사료 (혼합성-혼합제),PP6F50005,혼합성단미사료5,조회분,2.3% 이하,2019-11-25
제주개과점,단미사료 (동물성-단백질류),PP6FF0005,육포5,조지방,20.5% 이하,2019-11-25
제주개과점,단미사료 (동물성-단백질류),PP6FF0005,육포5,조단백질,39.8% 이상,2019-11-25
제주개과점,단미사료 (동물성-단백질류),PP6FF0005,육포5,수분,28.2% 이하,2019-11-25
제주개과점,단미사료 (동물성-단백질류),PP6FF0005,육포5,조회분,1.2% 이하,2019-11-25
제주개과점,단미사료 (동물성-단백질류),PP6FF0010,육골포5,조지방,5.0% 이하,2019-11-25
제주개과점,단미사료 (동물성-단백질류),PP6FF0010,육골포5,조단백질,47.8% 이상,2019-11-25
제주개과점,단미사료 (동물성-단백질류),PP6FF0010,육골포5,수분,25.9% 이하,2019-11-25
제주개과점,단미사료 (동물성-단백질류),PP6FF0010,육골포5,조회분,18.4% 이하,2019-11-25
도기키친 프롬제주,단미사료 (동물성-단백질류),PP6F40011,육골포6,조지방,29.6% 이하,2019-11-25
도기키친 프롬제주,단미사료 (동물성-단백질류),PP6F40011,육골포6,조단백질,32.3% 이상,2019-11-25
도기키친 프롬제주,단미사료 (동물성-단백질류),PP6F40011,육골포6,수분,14.6% 이하,2019-11-25
도기키친 프롬제주,단미사료 (동물성-단백질류),PP6F40011,육골포6,조회분,22.0% 이하,2019-11-25
도기키친 프롬제주,단미사료 (혼합성-혼합제),PP6F50006,혼합성단미사료6,조지방,1.5% 이하,2019-11-25
도기키친 프롬제주,단미사료 (혼합성-혼합제),PP6F50006,혼합성단미사료6,조단백질,16.1% 이상,2019-11-25
도기키친 프롬제주,단미사료 (혼합성-혼합제),PP6F50006,혼합성단미사료6,수분,92.0% 이하,2019-11-25
도기키친 프롬제주,단미사료 (혼합성-혼합제),PP6F50006,혼합성단미사료6,조섬유,0.4% 이하,2019-11-25
도기키친 프롬제주,단미사료 (혼합성-혼합제),PP6F50006,혼합성단미사료6,조회분,1.0% 이하,2019-11-25
제주개과점,단미사료 (동물성-단백질류),PP6FF0011,육골포6,조지방,7.9% 이하,2019-11-25
제주개과점,단미사료 (동물성-단백질류),PP6FF0011,육골포6,조단백질,39.6% 이상,2019-11-25
제주개과점,단미사료 (동물성-단백질류),PP6FF0011,육골포6,수분,15.1% 이하,2019-11-25
제주개과점,단미사료 (동물성-단백질류),PP6FF0011,육골포6,조회분,5.9% 이하,2019-11-25
도기키친 프롬제주,단미사료 (혼합성-혼합제),PP6F50007,혼합성단미사료7,조지방,6.4% 이하,2019-11-25
도기키친 프롬제주,단미사료 (혼합성-혼합제),PP6F50007,혼합성단미사료7,조단백질,18.0% 이상,2019-11-25
도기키친 프롬제주,단미사료 (혼합성-혼합제),PP6F50007,혼합성단미사료7,수분,84.7% 이하,2019-11-25
도기키친 프롬제주,단미사료 (혼합성-혼합제),PP6F50007,혼합성단미사료7,조섬유,0.3% 이하,2019-11-25
도기키친 프롬제주,단미사료 (혼합성-혼합제),PP6F50007,혼합성단미사료7,조회분,1.9% 이하,2019-11-25
제주개과점,단미사료 (동물성-단백질류),PP6FF0012,육골포7,조지방,7.2% 이하,2019-11-25
제주개과점,단미사료 (동물성-단백질류),PP6FF0012,육골포7,조단백질,42.1% 이상,2019-11-25
제주개과점,단미사료 (동물성-단백질류),PP6FF0012,육골포7,수분,27.6% 이하,2019-11-25
제주개과점,단미사료 (동물성-단백질류),PP6FF0012,육골포7,조회분,21.8% 이하,2019-11-25
도기키친 프롬제주,단미사료 (혼합성-혼합제),PP6F50008,혼합성단미사료8,조지방,7.0% 이하,2019-11-25
도기키친 프롬제주,단미사료 (혼합성-혼합제),PP6F50008,혼합성단미사료8,조단백질,11.2% 이상,2019-11-25
도기키친 프롬제주,단미사료 (혼합성-혼합제),PP6F50008,혼합성단미사료8,수분,80.4% 이하,2019-11-25
도기키친 프롬제주,단미사료 (혼합성-혼합제),PP6F50008,혼합성단미사료8,조섬유,1.2% 이하,2019-11-25
도기키친 프롬제주,단미사료 (혼합성-혼합제),PP6F50008,혼합성단미사료8,조회분,1.0% 이하,2019-11-25
도기키친 프롬제주,단미사료 (혼합성-혼합제),PP6F50009,혼합성단미사료9,조지방,9.9% 이하,2019-11-25
도기키친 프롬제주,단미사료 (혼합성-혼합제),PP6F50009,혼합성단미사료9,조단백질,12.3% 이상,2019-11-25
도기키친 프롬제주,단미사료 (혼합성-혼합제),PP6F50009,혼합성단미사료9,수분,74.3% 이하,2019-11-25
도기키친 프롬제주,단미사료 (혼합성-혼합제),PP6F50009,혼합성단미사료9,조섬유,0.9% 이하,2019-11-25
도기키친 프롬제주,단미사료 (혼합성-혼합제),PP6F50009,혼합성단미사료9,조회분,1.4% 이하,2019-11-25
강아지와 고양이의 구멍가게,단미사료 (동물성-단백질류),PP6DD0003,건어포,조지방,1%이하,2019-11-25
강아지와 고양이의 구멍가게,단미사료 (동물성-단백질류),PP6DD0003,건어포,조단백질,73%이상,2019-11-25
강아지와 고양이의 구멍가게,단미사료 (동물성-단백질류),PP6DD0003,건어포,수분,7%이하,2019-11-25
강아지와 고양이의 구멍가게,단미사료 (동물성-단백질류),PP6DD0003,건어포,조회분,3%이하,2019-11-25
강아지와 고양이의 구멍가게,단미사료 (동물성-단백질류),PP6DD0004,육포,조지방,5%이하,2019-11-25
강아지와 고양이의 구멍가게,단미사료 (동물성-단백질류),PP6DD0004,육포,조단백질,67%이상,2019-11-25
강아지와 고양이의 구멍가게,단미사료 (동물성-단백질류),PP6DD0004,육포,수분,14%이하,2019-11-25
강아지와 고양이의 구멍가게,단미사료 (동물성-단백질류),PP6DD0004,육포,조회분,9.5%이하,2019-11-25
강아지와 고양이의 구멍가게,단미사료 (동물성-단백질류),PP6DD0005,동물성단백질혼합분,조지방,3.5%이하,2019-11-25
강아지와 고양이의 구멍가게,단미사료 (동물성-단백질류),PP6DD0005,동물성단백질혼합분,조단백질,71%이상,2019-11-25
강아지와 고양이의 구멍가게,단미사료 (동물성-단백질류),PP6DD0005,동물성단백질혼합분,수분,12%이하,2019-11-25
강아지와 고양이의 구멍가게,단미사료 (동물성-단백질류),PP6DD0005,동물성단백질혼합분,조섬유,1%이하,2019-11-25
강아지와 고양이의 구멍가게,단미사료 (동물성-단백질류),PP6DD0005,동물성단백질혼합분,조회분,9.5%이하,2019-11-25
강아지와 고양이의 구멍가게,단미사료 (식물성-채소류),PP6DD0006,당근,조단백질,4.2%이상,2019-11-25
강아지와 고양이의 구멍가게,단미사료 (식물성-채소류),PP6DD0006,당근,수분,11%이하,2019-11-25
강아지와 고양이의 구멍가게,단미사료 (식물성-채소류),PP6DD0006,당근,조섬유,9.2%이하,2019-11-25
강아지와 고양이의 구멍가게,단미사료 (식물성-채소류),PP6DD0006,당근,조회분,6%이하,2019-11-25
강아지와 고양이의 구멍가게,단미사료 (식물성-채소류),PP6DD0007,호박,조단백질,5.2%이상,2019-11-25
강아지와 고양이의 구멍가게,단미사료 (식물성-채소류),PP6DD0007,호박,수분,23%이하,2019-11-25
강아지와 고양이의 구멍가게,단미사료 (식물성-채소류),PP6DD0007,호박,조섬유,8.6%이하,2019-11-25
강아지와 고양이의 구멍가게,단미사료 (식물성-채소류),PP6DD0007,호박,조회분,6.3%이하,2019-11-25
강아지와 고양이의 구멍가게,단미사료 (식물성-서류),PP6DD0008,고구마,조단백질,3.2%이상,2019-11-25
강아지와 고양이의 구멍가게,단미사료 (식물성-서류),PP6DD0008,고구마,수분,16.5%이하,2019-11-25
강아지와 고양이의 구멍가게,단미사료 (식물성-서류),PP6DD0008,고구마,조섬유,2.5%이하,2019-11-25
강아지와 고양이의 구멍가게,단미사료 (식물성-과실류),PP6DD0009,사과,조단백질,1%이상,2019-11-25
강아지와 고양이의 구멍가게,단미사료 (식물성-과실류),PP6DD0009,사과,수분,5.7%이하,2019-11-25
강아지와 고양이의 구멍가게,단미사료 (식물성-과실류),PP6DD0009,사과,조섬유,5.2%이하,2019-11-25
강아지와 고양이의 구멍가게,단미사료 (식물성-과실류),PP6DD0009,사과,조회분,5%이하,2019-11-25
강아지와 고양이의 구멍가게,단미사료 (식물성-과실류),PP6DD0010,배,조단백질,2.5%이상,2019-11-25
강아지와 고양이의 구멍가게,단미사료 (식물성-과실류),PP6DD0010,배,수분,10.5%이하,2019-11-25
강아지와 고양이의 구멍가게,단미사료 (식물성-과실류),PP6DD0010,배,조섬유,9%이하,2019-11-25
강아지와 고양이의 구멍가게,단미사료 (식물성-과실류),PP6DD0010,배,조회분,6%이하,2019-11-25
미래식품이야기,단미사료 (동물성-곤충류),PP6FV0001,건조귀뚜라미,조지방,30% 이하,2019-11-25
미래식품이야기,단미사료 (동물성-곤충류),PP6FV0001,건조귀뚜라미,조단백질,50% 이상,2019-11-25
미래식품이야기,단미사료 (동물성-곤충류),PP6FV0001,건조귀뚜라미,수분,3.9% 이하,2019-11-25
미래식품이야기,단미사료 (동물성-곤충류),PP6FV0001,건조귀뚜라미,조회분,5% 이하,2019-11-25
제주댕댕스푼,단미사료 (동물성-단백질류),PP6FX0001,육포,조지방,45.1% 이하,2019-11-25
제주댕댕스푼,단미사료 (동물성-단백질류),PP6FX0001,육포,조단백질,25.3% 이상,2019-11-25
제주댕댕스푼,단미사료 (동물성-단백질류),PP6FX0001,육포,수분,14.7% 이하,2019-11-25
제주댕댕스푼,단미사료 (동물성-단백질류),PP6FX0001,육포,조회분,22% 이하,2019-11-25
제주댕댕스푼,단미사료 (동물성-단백질류),PP6FX0002,육포,조지방,23% 이하,2019-11-25
제주댕댕스푼,단미사료 (동물성-단백질류),PP6FX0002,육포,조단백질,47.6% 이상,2019-11-25
제주댕댕스푼,단미사료 (동물성-단백질류),PP6FX0002,육포,수분,24.1% 이하,2019-11-25
제주댕댕스푼,단미사료 (동물성-단백질류),PP6FX0002,육포,조회분,1% 이하,2019-11-25
제주댕댕스푼,단미사료 (동물성-단백질류),PP6FX0003,육포,조지방,5.1% 이하,2019-11-25
제주댕댕스푼,단미사료 (동물성-단백질류),PP6FX0003,육포,조단백질,28% 이상,2019-11-25
제주댕댕스푼,단미사료 (동물성-단백질류),PP6FX0003,육포,수분,55% 이하,2019-11-25
제주댕댕스푼,단미사료 (동물성-단백질류),PP6FX0003,육포,조회분,14.8% 이하,2019-11-25
제주댕댕스푼,단미사료 (동물성-단백질류),PP6FX0004,육포,조지방,9.5% 이하,2019-11-25
제주댕댕스푼,단미사료 (동물성-단백질류),PP6FX0004,육포,조단백질,26.6% 이상,2019-11-25
제주댕댕스푼,단미사료 (동물성-단백질류),PP6FX0004,육포,수분,16.9% 이하,2019-11-25
제주댕댕스푼,단미사료 (동물성-단백질류),PP6FX0004,육포,조회분,52.9% 이하,2019-11-25
제주댕댕스푼,단미사료 (동물성-단백질류),PP6FX0005,육포,조지방,8.4% 이하,2019-11-25
제주댕댕스푼,단미사료 (동물성-단백질류),PP6FX0005,육포,조단백질,47.9% 이상,2019-11-25
제주댕댕스푼,단미사료 (동물성-단백질류),PP6FX0005,육포,수분,38.3% 이하,2019-11-25
제주댕댕스푼,단미사료 (동물성-단백질류),PP6FX0005,육포,조회분,0.94% 이하,2019-11-25
제주댕댕스푼,단미사료 (동물성-단백질류),PP6FX0006,육포,조지방,6.7% 이하,2019-11-25
제주댕댕스푼,단미사료 (동물성-단백질류),PP6FX0006,육포,조단백질,45.2% 이상,2019-11-25
제주댕댕스푼,단미사료 (동물성-단백질류),PP6FX0006,육포,수분,41.8% 이하,2019-11-25
제주댕댕스푼,단미사료 (동물성-단백질류),PP6FX0006,육포,조회분,3.2% 이하,2019-11-25
제주댕댕스푼,단미사료 (동물성-단백질류),PP6FX0007,육포,조지방,5.1% 이하,2019-11-25
제주댕댕스푼,단미사료 (동물성-단백질류),PP6FX0007,육포,조단백질,50.4% 이상,2019-11-25
제주댕댕스푼,단미사료 (동물성-단백질류),PP6FX0007,육포,수분,33% 이하,2019-11-25
제주댕댕스푼,단미사료 (동물성-단백질류),PP6FX0007,육포,조회분,5.5% 이하,2019-11-25
제주댕댕스푼,단미사료 (동물성-단백질류),PP6FX0008,육포,조지방,1.1% 이하,2019-11-25
제주댕댕스푼,단미사료 (동물성-단백질류),PP6FX0008,육포,조단백질,54.2% 이상,2019-11-25
제주댕댕스푼,단미사료 (동물성-단백질류),PP6FX0008,육포,수분,32.5% 이하,2019-11-25
제주댕댕스푼,단미사료 (동물성-단백질류),PP6FX0008,육포,조회분,4.6% 이하,2019-11-25
제주댕댕스푼,단미사료 (동물성-단백질류),PP6FX0009,육포,조지방,5.5% 이하,2019-11-25
제주댕댕스푼,단미사료 (동물성-단백질류),PP6FX0009,육포,조단백질,29.6% 이상,2019-11-25
제주댕댕스푼,단미사료 (동물성-단백질류),PP6FX0009,육포,수분,42.4% 이하,2019-11-25
제주댕댕스푼,단미사료 (동물성-단백질류),PP6FX0009,육포,조회분,27.4% 이하,2019-11-25
잼,단미사료 (동물성-단백질류),PP6G10001,사슴고기육포,조지방,8.5% 이하,2019-11-25
잼,단미사료 (동물성-단백질류),PP6G10001,사슴고기육포,조단백질,61% 이상,2019-11-25
잼,단미사료 (동물성-단백질류),PP6G10001,사슴고기육포,수분,11% 이하,2019-11-25
잼,단미사료 (동물성-단백질류),PP6G10001,사슴고기육포,조회분,5.8% 이하,2019-11-25
잼,단미사료 (동물성-단백질류),PP6G10002,말고기육포,조지방,9% 이하,2019-11-25
잼,단미사료 (동물성-단백질류),PP6G10002,말고기육포,조단백질,59% 이상,2019-11-25
잼,단미사료 (동물성-단백질류),PP6G10002,말고기육포,수분,12% 이하,2019-11-25
잼,단미사료 (동물성-단백질류),PP6G10002,말고기육포,조회분,5% 이하,2019-11-25
잼,단미사료 (동물성-단백질류),PP6G10003,오골계육포,조지방,27% 이하,2019-11-25
잼,단미사료 (동물성-단백질류),PP6G10003,오골계육포,조단백질,43% 이상,2019-11-25
잼,단미사료 (동물성-단백질류),PP6G10003,오골계육포,수분,20% 이하,2019-11-25
잼,단미사료 (동물성-단백질류),PP6G10003,오골계육포,조회분,10% 이하,2019-11-25
제주댕댕스푼,단미사료 (혼합성-혼합제),PP6G20001,혼합성단미사료,조지방,25.5% 이하,2019-11-25
제주댕댕스푼,단미사료 (혼합성-혼합제),PP6G20001,혼합성단미사료,조단백질,3.3% 이상,2019-11-25
제주댕댕스푼,단미사료 (혼합성-혼합제),PP6G20001,혼합성단미사료,수분,41.6% 이하,2019-11-25
제주댕댕스푼,단미사료 (혼합성-혼합제),PP6G20001,혼합성단미사료,조섬유,4.8% 이하,2019-11-25
제주댕댕스푼,단미사료 (혼합성-혼합제),PP6G20001,혼합성단미사료,조회분,3.1% 이하,2019-11-25
제주댕댕스푼,단미사료 (혼합성-혼합제),PP6G20002,혼합성단미사료,조지방,2% 이하,2019-11-25
제주댕댕스푼,단미사료 (혼합성-혼합제),PP6G20002,혼합성단미사료,조단백질,18.1% 이상,2019-11-25
제주댕댕스푼,단미사료 (혼합성-혼합제),PP6G20002,혼합성단미사료,수분,88.9% 이하,2019-11-25
제주댕댕스푼,단미사료 (혼합성-혼합제),PP6G20002,혼합성단미사료,조섬유,0.15% 이하,2019-11-25
제주댕댕스푼,단미사료 (혼합성-혼합제),PP6G20002,혼합성단미사료,조회분,1.5% 이하,2019-11-25
제주댕댕스푼,단미사료 (혼합성-혼합제),PP6G20003,혼합성단미사료,조지방,2.3% 이하,2019-11-25
제주댕댕스푼,단미사료 (혼합성-혼합제),PP6G20003,혼합성단미사료,조단백질,20.6% 이상,2019-11-25
제주댕댕스푼,단미사료 (혼합성-혼합제),PP6G20003,혼합성단미사료,수분,84.6% 이하,2019-11-25
제주댕댕스푼,단미사료 (혼합성-혼합제),PP6G20003,혼합성단미사료,조섬유,0.46% 이하,2019-11-25
제주댕댕스푼,단미사료 (혼합성-혼합제),PP6G20003,혼합성단미사료,조회분,1.3% 이하,2019-11-25
제주댕댕스푼,단미사료 (혼합성-혼합제),PP6G20004,혼합성단미사료,조지방,0.7% 이하,2019-11-25
제주댕댕스푼,단미사료 (혼합성-혼합제),PP6G20004,혼합성단미사료,조단백질,19.4% 이상,2019-11-25
제주댕댕스푼,단미사료 (혼합성-혼합제),PP6G20004,혼합성단미사료,수분,86.7% 이하,2019-11-25
제주댕댕스푼,단미사료 (혼합성-혼합제),PP6G20004,혼합성단미사료,조섬유,0.25% 이하,2019-11-25
제주댕댕스푼,단미사료 (혼합성-혼합제),PP6G20004,혼합성단미사료,조회분,1.9% 이하,2019-11-25
제주댕댕스푼,단미사료 (혼합성-혼합제),PP6G20005,혼합성단미사료,조지방,0.66% 이하,2019-11-25
제주댕댕스푼,단미사료 (혼합성-혼합제),PP6G20005,혼합성단미사료,조단백질,14.3% 이상,2019-11-25
제주댕댕스푼,단미사료 (혼합성-혼합제),PP6G20005,혼합성단미사료,수분,96.2% 이하,2019-11-25
제주댕댕스푼,단미사료 (혼합성-혼합제),PP6G20005,혼합성단미사료,조섬유,0.25% 이하,2019-11-25
제주댕댕스푼,단미사료 (혼합성-혼합제),PP6G20005,혼합성단미사료,조회분,1.1% 이하,2019-11-25
제주댕댕스푼,단미사료 (동물성-단백질류),PP6G20006,육포,조지방,7% 이하,2019-11-25
제주댕댕스푼,단미사료 (동물성-단백질류),PP6G20006,육포,조단백질,36.5% 이상,2019-11-25
제주댕댕스푼,단미사료 (동물성-단백질류),PP6G20006,육포,수분,36.8% 이하,2019-11-25
제주댕댕스푼,단미사료 (동물성-단백질류),PP6G20006,육포,조회분,4.4% 이하,2019-11-25
제주댕댕스푼,단미사료 (동물성-단백질류),PP6G20007,육포,조지방,19.6% 이하,2019-11-25
제주댕댕스푼,단미사료 (동물성-단백질류),PP6G20007,육포,조단백질,23.3% 이상,2019-11-25
제주댕댕스푼,단미사료 (동물성-단백질류),PP6G20007,육포,수분,40.3% 이하,2019-11-25
제주댕댕스푼,단미사료 (동물성-단백질류),PP6G20007,육포,조회분,24.6% 이하,2019-11-25
제주댕댕스푼,단미사료 (혼합성-혼합제),PP6G20008,혼합성단미사료,조단백질,9.9% 이상,2019-11-25
제주댕댕스푼,단미사료 (혼합성-혼합제),PP6G20008,혼합성단미사료,수분,25.2% 이하,2019-11-25
제주댕댕스푼,단미사료 (혼합성-혼합제),PP6G20008,혼합성단미사료,조섬유,9.8% 이하,2019-11-25
제주댕댕스푼,단미사료 (혼합성-혼합제),PP6G20008,혼합성단미사료,조회분,10.3% 이하,2019-11-25
제주댕댕스푼,단미사료 (혼합성-혼합제),PP6G20009,혼합성단미사료,조지방,17.9% 이하,2019-11-25
제주댕댕스푼,단미사료 (혼합성-혼합제),PP6G20009,혼합성단미사료,조단백질,10.1% 이상,2019-11-25
제주댕댕스푼,단미사료 (혼합성-혼합제),PP6G20009,혼합성단미사료,수분,63.9% 이하,2019-11-25
제주댕댕스푼,단미사료 (혼합성-혼합제),PP6G20009,혼합성단미사료,조회분,3.9% 이하,2019-11-25
제주댕댕스푼,단미사료 (혼합성-혼합제),PP6G20010,혼합성단미사료,조지방,5.3% 이하,2019-11-25
제주댕댕스푼,단미사료 (혼합성-혼합제),PP6G20010,혼합성단미사료,조단백질,8.3% 이상,2019-11-25
제주댕댕스푼,단미사료 (혼합성-혼합제),PP6G20010,혼합성단미사료,수분,71.7% 이하,2019-11-25
제주댕댕스푼,단미사료 (혼합성-혼합제),PP6G20010,혼합성단미사료,조섬유,0.9% 이하,2019-11-25
제주댕댕스푼,단미사료 (혼합성-혼합제),PP6G20010,혼합성단미사료,조회분,3.1% 이하,2019-11-25
제주댕댕스푼,단미사료 (혼합성-혼합제),PP6G20011,혼합성단미사료,조지방,10.9% 이하,2019-11-25
제주댕댕스푼,단미사료 (혼합성-혼합제),PP6G20011,혼합성단미사료,조단백질,7.6% 이상,2019-11-25
제주댕댕스푼,단미사료 (혼합성-혼합제),PP6G20011,혼합성단미사료,수분,71.5% 이하,2019-11-25
제주댕댕스푼,단미사료 (혼합성-혼합제),PP6G20011,혼합성단미사료,조섬유,1% 이하,2019-11-25
제주댕댕스푼,단미사료 (혼합성-혼합제),PP6G20011,혼합성단미사료,조회분,3.3% 이하,2019-11-25
제주댕댕스푼,단미사료 (혼합성-혼합제),PP6G20012,혼합성단미사료,조지방,0.6% 이하,2019-11-25
제주댕댕스푼,단미사료 (혼합성-혼합제),PP6G20012,혼합성단미사료,조단백질,7.8% 이상,2019-11-25
제주댕댕스푼,단미사료 (혼합성-혼합제),PP6G20012,혼합성단미사료,수분,104% 이하,2019-11-25
제주댕댕스푼,단미사료 (혼합성-혼합제),PP6G20012,혼합성단미사료,조섬유,0.6% 이하,2019-11-25
제주댕댕스푼,단미사료 (혼합성-혼합제),PP6G20012,혼합성단미사료,조회분,0.9% 이하,2019-11-25
제주댕댕스푼,단미사료 (혼합성-혼합제),PP6G20013,혼합성단미사료,조지방,0.07% 이하,2019-11-25
제주댕댕스푼,단미사료 (혼합성-혼합제),PP6G20013,혼합성단미사료,조단백질,3.8% 이상,2019-11-25
제주댕댕스푼,단미사료 (혼합성-혼합제),PP6G20013,혼합성단미사료,수분,106% 이하,2019-11-25
제주댕댕스푼,단미사료 (혼합성-혼합제),PP6G20013,혼합성단미사료,조섬유,0.9% 이하,2019-11-25
제주댕댕스푼,단미사료 (혼합성-혼합제),PP6G20013,혼합성단미사료,조회분,1% 이하,2019-11-25
제주댕댕스푼,단미사료 (혼합성-혼합제),PP6G20014,혼합성단미사료,조지방,1.1% 이하,2019-11-25
제주댕댕스푼,단미사료 (혼합성-혼합제),PP6G20014,혼합성단미사료,조단백질,5% 이상,2019-11-25
제주댕댕스푼,단미사료 (혼합성-혼합제),PP6G20014,혼합성단미사료,수분,102% 이하,2019-11-25
제주댕댕스푼,단미사료 (혼합성-혼합제),PP6G20014,혼합성단미사료,조섬유,0.7% 이하,2019-11-25
제주댕댕스푼,단미사료 (혼합성-혼합제),PP6G20014,혼합성단미사료,조회분,1% 이하,2019-11-25
제주댕댕스푼,단미사료 (혼합성-혼합제),PP6G20015,혼합성단미사료,조지방,1.8% 이하,2019-11-25
제주댕댕스푼,단미사료 (혼합성-혼합제),PP6G20015,혼합성단미사료,조단백질,18% 이상,2019-11-25
제주댕댕스푼,단미사료 (혼합성-혼합제),PP6G20015,혼합성단미사료,수분,87.8% 이하,2019-11-25
제주댕댕스푼,단미사료 (혼합성-혼합제),PP6G20015,혼합성단미사료,조섬유,0.6% 이하,2019-11-25
제주댕댕스푼,단미사료 (혼합성-혼합제),PP6G20015,혼합성단미사료,조회분,2.3% 이하,2019-11-25
주식회사 제주펫,단미사료 (혼합성-혼합제),PP6G50001,혼합성단미사료,조지방,2.7% 이하,2019-11-25
주식회사 제주펫,단미사료 (혼합성-혼합제),PP6G50001,혼합성단미사료,조단백질,48.4% 이상,2019-11-25
주식회사 제주펫,단미사료 (혼합성-혼합제),PP6G50001,혼합성단미사료,수분,37.9% 이하,2019-11-25
주식회사 제주펫,단미사료 (혼합성-혼합제),PP6G50001,혼합성단미사료,조회분,6% 이하,2019-11-25
주식회사 제주펫,단미사료 (혼합성-혼합제),PP6G50002,혼합성단미사료,조지방,27.6% 이하,2019-11-25
주식회사 제주펫,단미사료 (혼합성-혼합제),PP6G50002,혼합성단미사료,조단백질,35.3% 이상,2019-11-25
주식회사 제주펫,단미사료 (혼합성-혼합제),PP6G50002,혼합성단미사료,수분,21.7% 이하,2019-11-25
주식회사 제주펫,단미사료 (혼합성-혼합제),PP6G50002,혼합성단미사료,조회분,15.8% 이하,2019-11-25
주식회사 제주펫,단미사료 (혼합성-혼합제),PP6G50003,혼합성단미사료,조지방,10% 이하,2019-11-25
주식회사 제주펫,단미사료 (혼합성-혼합제),PP6G50003,혼합성단미사료,조단백질,54.8% 이상,2019-11-25
주식회사 제주펫,단미사료 (혼합성-혼합제),PP6G50003,혼합성단미사료,수분,22.1% 이하,2019-11-25
주식회사 제주펫,단미사료 (혼합성-혼합제),PP6G50003,혼합성단미사료,조회분,5.1% 이하,2019-11-25
주식회사 제주펫,단미사료 (혼합성-혼합제),PP6G50004,혼합성단미사료,조지방,2.5% 이하,2019-11-25
주식회사 제주펫,단미사료 (혼합성-혼합제),PP6G50004,혼합성단미사료,조단백질,61.3% 이상,2019-11-25
주식회사 제주펫,단미사료 (혼합성-혼합제),PP6G50004,혼합성단미사료,수분,18% 이하,2019-11-25
주식회사 제주펫,단미사료 (혼합성-혼합제),PP6G50004,혼합성단미사료,조회분,5% 이하,2019-11-25
주식회사 제주펫,단미사료 (혼합성-혼합제),PP6G50005,혼합성단미사료,조지방,8% 이하,2019-11-25
주식회사 제주펫,단미사료 (혼합성-혼합제),PP6G50005,혼합성단미사료,조단백질,48.9% 이상,2019-11-25
주식회사 제주펫,단미사료 (혼합성-혼합제),PP6G50005,혼합성단미사료,수분,30.6% 이하,2019-11-25
주식회사 제주펫,단미사료 (혼합성-혼합제),PP6G50005,혼합성단미사료,조섬유,1.4% 이하,2019-11-25
주식회사 제주펫,단미사료 (혼합성-혼합제),PP6G50005,혼합성단미사료,조회분,4.6% 이하,2019-11-25
주식회사 제주펫,단미사료 (혼합성-혼합제),PP6G50006,혼합성단미사료,조지방,5.3% 이하,2019-11-25
주식회사 제주펫,단미사료 (혼합성-혼합제),PP6G50006,혼합성단미사료,조단백질,39.3% 이상,2019-11-25
주식회사 제주펫,단미사료 (혼합성-혼합제),PP6G50006,혼합성단미사료,수분,38.5% 이하,2019-11-25
주식회사 제주펫,단미사료 (혼합성-혼합제),PP6G50006,혼합성단미사료,조섬유,0.9% 이하,2019-11-25
주식회사 제주펫,단미사료 (혼합성-혼합제),PP6G50006,혼합성단미사료,조회분,4.3% 이하,2019-11-25
주식회사 제주펫,단미사료 (혼합성-혼합제),PP6G50007,혼합성단미사료,조지방,19.4% 이하,2019-11-25
주식회사 제주펫,단미사료 (혼합성-혼합제),PP6G50007,혼합성단미사료,조단백질,56.3% 이상,2019-11-25
주식회사 제주펫,단미사료 (혼합성-혼합제),PP6G50007,혼합성단미사료,수분,15% 이하,2019-11-25
주식회사 제주펫,단미사료 (혼합성-혼합제),PP6G50007,혼합성단미사료,조회분,0.6% 이하,2019-11-25
주식회사 제주펫,단미사료 (혼합성-혼합제),PP6G50008,혼합성단미사료,조지방,17.2% 이하,2019-11-25
주식회사 제주펫,단미사료 (혼합성-혼합제),PP6G50008,혼합성단미사료,조단백질,57.4% 이상,2019-11-25
주식회사 제주펫,단미사료 (혼합성-혼합제),PP6G50008,혼합성단미사료,수분,12.1% 이하,2019-11-25
주식회사 제주펫,단미사료 (혼합성-혼합제),PP6G50008,혼합성단미사료,조회분,4.2% 이하,2019-11-25
주식회사 제주펫,단미사료 (혼합성-혼합제),PP6G50009,혼합성단미사료,조지방,2% 이하,2019-11-25
주식회사 제주펫,단미사료 (혼합성-혼합제),PP6G50009,혼합성단미사료,조단백질,65.5% 이상,2019-11-25
주식회사 제주펫,단미사료 (혼합성-혼합제),PP6G50009,혼합성단미사료,수분,13.4% 이하,2019-11-25
주식회사 제주펫,단미사료 (혼합성-혼합제),PP6G50009,혼합성단미사료,조회분,6.1% 이하,2019-11-25
주식회사 제주펫,단미사료 (혼합성-혼합제),PP6G50010,혼합성단미사료,조지방,9.7% 이하,2019-11-25
주식회사 제주펫,단미사료 (혼합성-혼합제),PP6G50010,혼합성단미사료,조단백질,59.4% 이상,2019-11-25
주식회사 제주펫,단미사료 (혼합성-혼합제),PP6G50010,혼합성단미사료,수분,6.5% 이하,2019-11-25
주식회사 제주펫,단미사료 (혼합성-혼합제),PP6G50010,혼합성단미사료,조회분,13.8% 이하,2019-11-25
주식회사 제주펫,단미사료 (혼합성-혼합제),PP6G50011,혼합성단미사료,조지방,6.5% 이하,2019-11-25
주식회사 제주펫,단미사료 (혼합성-혼합제),PP6G50011,혼합성단미사료,조단백질,33.7% 이상,2019-11-25
주식회사 제주펫,단미사료 (혼합성-혼합제),PP6G50011,혼합성단미사료,수분,49.2% 이하,2019-11-25
주식회사 제주펫,단미사료 (혼합성-혼합제),PP6G50011,혼합성단미사료,조섬유,1.4% 이하,2019-11-25
주식회사 제주펫,단미사료 (혼합성-혼합제),PP6G50011,혼합성단미사료,조회분,2.7% 이하,2019-11-25
주식회사 제주펫,단미사료 (혼합성-혼합제),PP6G50012,혼합성단미사료,조지방,0.3% 이하,2019-11-25
주식회사 제주펫,단미사료 (혼합성-혼합제),PP6G50012,혼합성단미사료,조단백질,22.7% 이상,2019-11-25
주식회사 제주펫,단미사료 (혼합성-혼합제),PP6G50012,혼합성단미사료,수분,67.7% 이하,2019-11-25
주식회사 제주펫,단미사료 (혼합성-혼합제),PP6G50012,혼합성단미사료,조섬유,0.5% 이하,2019-11-25
주식회사 제주펫,단미사료 (혼합성-혼합제),PP6G50012,혼합성단미사료,조회분,2.6% 이하,2019-11-25
주식회사 제주펫,단미사료 (혼합성-혼합제),PP6G50013,혼합성단미사료,조지방,5.5% 이하,2019-11-25
주식회사 제주펫,단미사료 (혼합성-혼합제),PP6G50013,혼합성단미사료,조단백질,32% 이상,2019-11-25
주식회사 제주펫,단미사료 (혼합성-혼합제),PP6G50013,혼합성단미사료,수분,61.1% 이하,2019-11-25
주식회사 제주펫,단미사료 (혼합성-혼합제),PP6G50013,혼합성단미사료,조섬유,0.6% 이하,2019-11-25
주식회사 제주펫,단미사료 (혼합성-혼합제),PP6G50013,혼합성단미사료,조회분,3% 이하,2019-11-25
주식회사 제주펫,단미사료 (혼합성-혼합제),PP6G50014,혼합성단미사료,조지방,8.4% 이하,2019-11-25
주식회사 제주펫,단미사료 (혼합성-혼합제),PP6G50014,혼합성단미사료,조단백질,20.9% 이상,2019-11-25
주식회사 제주펫,단미사료 (혼합성-혼합제),PP6G50014,혼합성단미사료,수분,54.9% 이하,2019-11-25
주식회사 제주펫,단미사료 (혼합성-혼합제),PP6G50014,혼합성단미사료,조섬유,1% 이하,2019-11-25
주식회사 제주펫,단미사료 (혼합성-혼합제),PP6G50014,혼합성단미사료,조회분,3.7% 이하,2019-11-25
주식회사 제주펫,단미사료 (혼합성-혼합제),PP6G50015,혼합성단미사료,조지방,5.3% 이하,2019-11-25
주식회사 제주펫,단미사료 (혼합성-혼합제),PP6G50015,혼합성단미사료,조단백질,5.7% 이상,2019-11-25
주식회사 제주펫,단미사료 (혼합성-혼합제),PP6G50015,혼합성단미사료,수분,73.4% 이하,2019-11-25
주식회사 제주펫,단미사료 (혼합성-혼합제),PP6G50015,혼합성단미사료,조회분,2.2% 이하,2019-11-25
주식회사 제주펫,단미사료 (혼합성-혼합제),PP6G50016,혼합성단미사료,조지방,6.3% 이하,2019-11-25
주식회사 제주펫,단미사료 (혼합성-혼합제),PP6G50016,혼합성단미사료,조단백질,16.2% 이상,2019-11-25
주식회사 제주펫,단미사료 (혼합성-혼합제),PP6G50016,혼합성단미사료,수분,52.2% 이하,2019-11-25
주식회사 제주펫,단미사료 (혼합성-혼합제),PP6G50016,혼합성단미사료,조섬유,0.1% 이하,2019-11-25
주식회사 제주펫,단미사료 (혼합성-혼합제),PP6G50016,혼합성단미사료,조회분,3.6% 이하,2019-11-25
주식회사 제주펫,단미사료 (혼합성-혼합제),PP6G50017,혼합성단미사료,조지방,4.9% 이하,2019-11-25
주식회사 제주펫,단미사료 (혼합성-혼합제),PP6G50017,혼합성단미사료,조단백질,11.9% 이상,2019-11-25
주식회사 제주펫,단미사료 (혼합성-혼합제),PP6G50017,혼합성단미사료,수분,50.7% 이하,2019-11-25
주식회사 제주펫,단미사료 (혼합성-혼합제),PP6G50017,혼합성단미사료,조섬유,0.6% 이하,2019-11-25
주식회사 제주펫,단미사료 (혼합성-혼합제),PP6G50017,혼합성단미사료,조회분,4.6% 이하,2019-11-25
주식회사 제주펫,단미사료 (혼합성-혼합제),PP6G50018,혼합성단미사료,조지방,7% 이하,2019-11-25
주식회사 제주펫,단미사료 (혼합성-혼합제),PP6G50018,혼합성단미사료,조단백질,19.5% 이상,2019-11-25
주식회사 제주펫,단미사료 (혼합성-혼합제),PP6G50018,혼합성단미사료,수분,46.9% 이하,2019-11-25
주식회사 제주펫,단미사료 (혼합성-혼합제),PP6G50018,혼합성단미사료,조섬유,0.6% 이하,2019-11-25
주식회사 제주펫,단미사료 (혼합성-혼합제),PP6G50018,혼합성단미사료,조회분,4.2% 이하,2019-11-25
주식회사 제주펫,단미사료 (혼합성-혼합제),PP6G50019,혼합성단미사료,조지방,14.9% 이하,2019-11-25
주식회사 제주펫,단미사료 (혼합성-혼합제),PP6G50019,혼합성단미사료,조단백질,18.4% 이상,2019-11-25
주식회사 제주펫,단미사료 (혼합성-혼합제),PP6G50019,혼합성단미사료,수분,54% 이하,2019-11-25
주식회사 제주펫,단미사료 (혼합성-혼합제),PP6G50019,혼합성단미사료,조섬유,1.3% 이하,2019-11-25
주식회사 제주펫,단미사료 (혼합성-혼합제),PP6G50019,혼합성단미사료,조회분,2.5% 이하,2019-11-25
주식회사 제주펫,단미사료 (혼합성-혼합제),PP6G50020,혼합성단미사료,조지방,10.4% 이하,2019-11-25
주식회사 제주펫,단미사료 (혼합성-혼합제),PP6G50020,혼합성단미사료,조단백질,16.4% 이상,2019-11-25
주식회사 제주펫,단미사료 (혼합성-혼합제),PP6G50020,혼합성단미사료,수분,43.6% 이하,2019-11-25
주식회사 제주펫,단미사료 (혼합성-혼합제),PP6G50020,혼합성단미사료,조회분,4.3% 이하,2019-11-25
주식회사 제주펫,단미사료 (혼합성-혼합제),PP6G50021,혼합성단미사료,조지방,10.6% 이하,2019-11-25
주식회사 제주펫,단미사료 (혼합성-혼합제),PP6G50021,혼합성단미사료,조단백질,11.8% 이상,2019-11-25
주식회사 제주펫,단미사료 (혼합성-혼합제),PP6G50021,혼합성단미사료,수분,49.2% 이하,2019-11-25
주식회사 제주펫,단미사료 (혼합성-혼합제),PP6G50021,혼합성단미사료,조섬유,0.9% 이하,2019-11-25
주식회사 제주펫,단미사료 (혼합성-혼합제),PP6G50021,혼합성단미사료,조회분,5.1% 이하,2019-11-25
주식회사 제주펫,단미사료 (혼합성-혼합제),PP6G50022,혼합성단미사료,조지방,5.7% 이하,2019-11-25
주식회사 제주펫,단미사료 (혼합성-혼합제),PP6G50022,혼합성단미사료,조단백질,17.6% 이상,2019-11-25
주식회사 제주펫,단미사료 (혼합성-혼합제),PP6G50022,혼합성단미사료,수분,45.7% 이하,2019-11-25
주식회사 제주펫,단미사료 (혼합성-혼합제),PP6G50022,혼합성단미사료,조회분,4.6% 이하,2019-11-25
주식회사 제주펫,단미사료 (혼합성-혼합제),PP6G50023,혼합성단미사료,조지방,9.8% 이하,2019-11-25
주식회사 제주펫,단미사료 (혼합성-혼합제),PP6G50023,혼합성단미사료,조단백질,58.7% 이상,2019-11-25
주식회사 제주펫,단미사료 (혼합성-혼합제),PP6G50023,혼합성단미사료,수분,16.6% 이하,2019-11-25
주식회사 제주펫,단미사료 (혼합성-혼합제),PP6G50023,혼합성단미사료,조회분,5.2% 이하,2019-11-25
바비쥬 PETFOOD,단미사료 (혼합성-혼합제),PP6G60001,혼합성단미사료혼합성단미사료,인,0.16% 이상,2019-11-25
바비쥬 PETFOOD,단미사료 (혼합성-혼합제),PP6G60001,혼합성단미사료혼합성단미사료,칼슘,0.18% 이상,2019-11-25
바비쥬 PETFOOD,단미사료 (혼합성-혼합제),PP6G60001,혼합성단미사료혼합성단미사료,조지방,2.7% 이하,2019-11-25
바비쥬 PETFOOD,단미사료 (혼합성-혼합제),PP6G60001,혼합성단미사료혼합성단미사료,조단백질,14.3% 이상,2019-11-25
바비쥬 PETFOOD,단미사료 (혼합성-혼합제),PP6G60001,혼합성단미사료혼합성단미사료,수분,92.2% 이하,2019-11-25
바비쥬 PETFOOD,단미사료 (혼합성-혼합제),PP6G60001,혼합성단미사료혼합성단미사료,조섬유,2.02% 이하,2019-11-25
바비쥬 PETFOOD,단미사료 (혼합성-혼합제),PP6G60001,혼합성단미사료혼합성단미사료,조회분,1.3% 이하,2019-11-25
바비쥬 PETFOOD,단미사료 (혼합성-혼합제),PP6G60002,혼합성단미사료혼합성단미사료,인,0.16% 이상,2019-11-25
바비쥬 PETFOOD,단미사료 (혼합성-혼합제),PP6G60002,혼합성단미사료혼합성단미사료,칼슘,0.21% 이상,2019-11-25
바비쥬 PETFOOD,단미사료 (혼합성-혼합제),PP6G60002,혼합성단미사료혼합성단미사료,조지방,4.3% 이하,2019-11-25
바비쥬 PETFOOD,단미사료 (혼합성-혼합제),PP6G60002,혼합성단미사료혼합성단미사료,조단백질,18.1% 이상,2019-11-25
바비쥬 PETFOOD,단미사료 (혼합성-혼합제),PP6G60002,혼합성단미사료혼합성단미사료,수분,85.4% 이하,2019-11-25
바비쥬 PETFOOD,단미사료 (혼합성-혼합제),PP6G60002,혼합성단미사료혼합성단미사료,조섬유,0.3% 이하,2019-11-25
바비쥬 PETFOOD,단미사료 (혼합성-혼합제),PP6G60002,혼합성단미사료혼합성단미사료,조회분,1.5% 이하,2019-11-25
바비쥬 PETFOOD,단미사료 (혼합성-혼합제),PP6G60003,혼합성단미사료혼합성단미사료,인,0.18% 이상,2019-11-25
바비쥬 PETFOOD,단미사료 (혼합성-혼합제),PP6G60003,혼합성단미사료혼합성단미사료,칼슘,0.2% 이상,2019-11-25
바비쥬 PETFOOD,단미사료 (혼합성-혼합제),PP6G60003,혼합성단미사료혼합성단미사료,조지방,1.69% 이하,2019-11-25
바비쥬 PETFOOD,단미사료 (혼합성-혼합제),PP6G60003,혼합성단미사료혼합성단미사료,조단백질,17.7% 이상,2019-11-25
바비쥬 PETFOOD,단미사료 (혼합성-혼합제),PP6G60003,혼합성단미사료혼합성단미사료,수분,88% 이하,2019-11-25
바비쥬 PETFOOD,단미사료 (혼합성-혼합제),PP6G60003,혼합성단미사료혼합성단미사료,조섬유,0.3% 이하,2019-11-25
바비쥬 PETFOOD,단미사료 (혼합성-혼합제),PP6G60003,혼합성단미사료혼합성단미사료,조회분,1.5% 이하,2019-11-25
바비쥬 PETFOOD,단미사료 (혼합성-혼합제),PP6G60004,혼합성단미사료혼합성단미사료,인,0.15% 이상,2019-11-25
바비쥬 PETFOOD,단미사료 (혼합성-혼합제),PP6G60004,혼합성단미사료혼합성단미사료,칼슘,0.2% 이상,2019-11-25
바비쥬 PETFOOD,단미사료 (혼합성-혼합제),PP6G60004,혼합성단미사료혼합성단미사료,조지방,1.8% 이하,2019-11-25
바비쥬 PETFOOD,단미사료 (혼합성-혼합제),PP6G60004,혼합성단미사료혼합성단미사료,조단백질,15.3% 이상,2019-11-25
바비쥬 PETFOOD,단미사료 (혼합성-혼합제),PP6G60004,혼합성단미사료혼합성단미사료,수분,92.1% 이하,2019-11-25
바비쥬 PETFOOD,단미사료 (혼합성-혼합제),PP6G60004,혼합성단미사료혼합성단미사료,조섬유,0.24% 이하,2019-11-25
바비쥬 PETFOOD,단미사료 (혼합성-혼합제),PP6G60004,혼합성단미사료혼합성단미사료,조회분,1.3% 이하,2019-11-25
바비쥬 PETFOOD,단미사료 (혼합성-혼합제),PP6G60005,혼합성단미사료혼합성단미사료,조지방,6.8% 이하,2019-11-25
바비쥬 PETFOOD,단미사료 (혼합성-혼합제),PP6G60005,혼합성단미사료혼합성단미사료,조단백질,9.5% 이상,2019-11-25
바비쥬 PETFOOD,단미사료 (혼합성-혼합제),PP6G60005,혼합성단미사료혼합성단미사료,수분,94% 이하,2019-11-25
바비쥬 PETFOOD,단미사료 (혼합성-혼합제),PP6G60005,혼합성단미사료혼합성단미사료,조섬유,0.048% 이하,2019-11-25
바비쥬 PETFOOD,단미사료 (혼합성-혼합제),PP6G60005,혼합성단미사료혼합성단미사료,조회분,1% 이하,2019-11-25
바비쥬 PETFOOD,단미사료 (혼합성-혼합제),PP6G60006,혼합성단미사료혼합성단미사료,조지방,13.8% 이하,2019-11-25
바비쥬 PETFOOD,단미사료 (혼합성-혼합제),PP6G60006,혼합성단미사료혼합성단미사료,조단백질,47.5% 이상,2019-11-25
바비쥬 PETFOOD,단미사료 (혼합성-혼합제),PP6G60006,혼합성단미사료혼합성단미사료,수분,24.9% 이하,2019-11-25
바비쥬 PETFOOD,단미사료 (혼합성-혼합제),PP6G60006,혼합성단미사료혼합성단미사료,조섬유,1.2% 이하,2019-11-25
바비쥬 PETFOOD,단미사료 (혼합성-혼합제),PP6G60006,혼합성단미사료혼합성단미사료,조회분,12% 이하,2019-11-25
바비쥬 PETFOOD,단미사료 (혼합성-혼합제),PP6G60007,혼합성단미사료혼합성단미사료,조지방,8.5% 이하,2019-11-25
바비쥬 PETFOOD,단미사료 (혼합성-혼합제),PP6G60007,혼합성단미사료혼합성단미사료,조단백질,35.2% 이상,2019-11-25
바비쥬 PETFOOD,단미사료 (혼합성-혼합제),PP6G60007,혼합성단미사료혼합성단미사료,수분,39.3% 이하,2019-11-25
바비쥬 PETFOOD,단미사료 (혼합성-혼합제),PP6G60007,혼합성단미사료혼합성단미사료,조회분,15.2% 이하,2019-11-25
바비쥬 PETFOOD,단미사료 (혼합성-혼합제),PP6G60008,혼합성단미사료혼합성단미사료,조지방,14.1% 이하,2019-11-25
바비쥬 PETFOOD,단미사료 (혼합성-혼합제),PP6G60008,혼합성단미사료혼합성단미사료,조단백질,29.6% 이상,2019-11-25
바비쥬 PETFOOD,단미사료 (혼합성-혼합제),PP6G60008,혼합성단미사료혼합성단미사료,수분,57.1% 이하,2019-11-25
바비쥬 PETFOOD,단미사료 (혼합성-혼합제),PP6G60008,혼합성단미사료혼합성단미사료,조회분,3.2% 이하,2019-11-25
바비쥬 PETFOOD,단미사료 (혼합성-혼합제),PP6G60009,혼합성단미사료혼합성단미사료,조지방,5.4% 이하,2019-11-25
바비쥬 PETFOOD,단미사료 (혼합성-혼합제),PP6G60009,혼합성단미사료혼합성단미사료,조단백질,32.5% 이상,2019-11-25
바비쥬 PETFOOD,단미사료 (혼합성-혼합제),PP6G60009,혼합성단미사료혼합성단미사료,수분,53.9% 이하,2019-11-25
바비쥬 PETFOOD,단미사료 (혼합성-혼합제),PP6G60009,혼합성단미사료혼합성단미사료,조회분,12.3% 이하,2019-11-25
바비쥬 PETFOOD,단미사료 (혼합성-혼합제),PP6G60010,혼합성단미사료혼합성단미사료,조지방,2.5% 이하,2019-11-25
바비쥬 PETFOOD,단미사료 (혼합성-혼합제),PP6G60010,혼합성단미사료혼합성단미사료,조단백질,11.5% 이상,2019-11-25
바비쥬 PETFOOD,단미사료 (혼합성-혼합제),PP6G60010,혼합성단미사료혼합성단미사료,수분,96.9% 이하,2019-11-25
바비쥬 PETFOOD,단미사료 (혼합성-혼합제),PP6G60010,혼합성단미사료혼합성단미사료,조회분,1% 이하,2019-11-25
바비쥬 PETFOOD,단미사료 (혼합성-혼합제),PP6G60011,혼합성단미사료혼합성단미사료,조지방,14.7% 이하,2019-11-25
바비쥬 PETFOOD,단미사료 (혼합성-혼합제),PP6G60011,혼합성단미사료혼합성단미사료,조단백질,56.2% 이상,2019-11-25
바비쥬 PETFOOD,단미사료 (혼합성-혼합제),PP6G60011,혼합성단미사료혼합성단미사료,수분,18% 이하,2019-11-25
바비쥬 PETFOOD,단미사료 (혼합성-혼합제),PP6G60011,혼합성단미사료혼합성단미사료,조회분,5.9% 이하,2019-11-25
바비쥬 PETFOOD,단미사료 (혼합성-혼합제),PP6G60012,혼합성단미사료혼합성단미사료,조지방,16.9% 이하,2019-11-25
바비쥬 PETFOOD,단미사료 (혼합성-혼합제),PP6G60012,혼합성단미사료혼합성단미사료,조단백질,62.3% 이상,2019-11-25
바비쥬 PETFOOD,단미사료 (혼합성-혼합제),PP6G60012,혼합성단미사료혼합성단미사료,수분,39.1% 이하,2019-11-25
바비쥬 PETFOOD,단미사료 (혼합성-혼합제),PP6G60012,혼합성단미사료혼합성단미사료,조회분,4.1% 이하,2019-11-25
슈퍼말이요,단미사료 (동물성-단백질류),PP6G80001,육포,조지방,2.6% 이하,2019-11-25
슈퍼말이요,단미사료 (동물성-단백질류),PP6G80001,육포,조단백질,61.5% 이상,2019-11-25
슈퍼말이요,단미사료 (동물성-단백질류),PP6G80001,육포,수분,21.6% 이하,2019-11-25
슈퍼말이요,단미사료 (동물성-단백질류),PP6G80001,육포,조회분,6.5% 이하,2019-11-25
